player,league,nationality
Yasir Khan,PSL,PAK
Mohammad Rizwan,PSL,PAK
Usman Khan,PSL,PAK
SD Hope,CPL,WI
Kamran Ghulam,PSL,PAK
Iftikhar Ahmed,PSL,PAK
MG Bracewell,Overseas,NZ
J Little,Overseas,IRE
Ubaid Shah,PSL,PAK
Akif Javed,PSL,PAK
Mohammad Hasnain,PSL,PAK
Fakhar Zaman,PSL,PAK
Muhammad Naeem,Overseas,KSA
Abdullah Shafique,PSL,PAK
DJ Mitchell,Overseas,NZ/AUS
Sikandar Raza,Overseas,ZIM
Asif Ali,PSL,PAK
Shaheen Shah Afridi,PSL,PAK
Haris Rauf,PSL,PAK
Asif Afridi,PSL,PAK
Gauhar Ali,PSL,PAK
Haris Sohail,PSL,PAK
AB de Villiers,SA20,SA
CJ Anderson,Overseas,NZ
Sohail Akhtar,PSL,PAK
D Wiese,Overseas,NAM/SA
S Lamichhane,Overseas,NEP
Yasir Shah,PSL,PAK
Aizaz Cheema,PSL,PAK
Babar Azam,PSL,PAK
C Munro,Overseas,NZ
CA Ingram,SA20,SA
Imad Wasim,PSL,PAK
Aamer Yamin,PSL,PAK
Mohammad Amir,PSL,PAK
Umer Khan,PSL,PAK
AW Summers,BBL,AUS
Zeeshan Ashraf,PSL,PAK
Shan Masood,PSL,PAK
Khushdil Shah,PSL,PAK
Asad Shafiq,PSL,PAK
Rohail Nazir,PSL,PAK
Bilawal Bhatti,PSL,PAK
Ali Shafiq,PSL,PAK
Junaid Khan,PSL,PAK
Usman Qadir,PSL,PAK
CA Lynn,BBL,AUS
Mohammad Hafeez,PSL,PAK
BR Dunk,BBL,AUS
Raja Farzan,PSL,PAK
Dilbar Hussain,PSL,PAK
Saim Ayub,PSL,PAK
R Powell,CPL,WI
Mohammad Haris,PSL,PAK
Haseebullah Khan,PSL,PAK
Aamer Jamal,PSL,PAK
Wahab Riaz,PSL,PAK
Azmatullah Omarzai,Overseas,AFG
Mujeeb Ur Rahman,Overseas,AFG
Arshad Iqbal,PSL,PAK
MJ Guptill,Overseas,NZ
Mohammad Nawaz,PSL,PAK
Umar Akmal,PSL,PAK
D Pretorius,SA20,SA
Naseem Shah,PSL,PAK
Aimal Khan,PSL,PAK
TL Seifert,Overseas,NZ
DA Warner,BBL,AUS
Muhammad Riazullah,PSL,PAK
Irfan Khan,IPL,IND
Mohammad Nabi,Overseas,AFG/PAK
Abbas Afridi,PSL,PAK
Hasan Ali,PSL,PAK
Mir Hamza,PSL,PAK
Saud Shakeel,PSL,PAK
FH Allen,Overseas,NZ
Hassan Nawaz,Overseas,MDV
BKG Mendis,LPL,SL
Khawaja Nafay,PSL,PAK
RR Rossouw,SA20,SA
Faheem Ashraf,PSL,PAK
SA Abbott,BBL,AUS
Abrar Ahmed,PSL,PAK
Ali Majid,PSL,PAK
DR Smith,CPL,WI
Rafatullah Mohmand,PSL,PAK
BJ Haddin,BBL,AUS
Misbah-ul-Haq,PSL,PAK
SR Watson,BBL,AUS
Amad Butt,PSL,PAK
Shadab Khan,ISL,PAK
Mohammad Sami,PSL,PAK
Mohammad Irfan,PSL,PAK
Rumman Raees,PSL,PAK
Tamim Iqbal,BPL,BAN
Kamran Akmal,PSL,PAK
EJG Morgan,Overseas,ENG/IRE
Sohaib Maqsood,PSL,PAK
Shakib Al Hasan,BPL,BAN
DJG Sammy,CPL,WI
Shahid Afridi,PSL,PAK
Hazratullah,Overseas,AFG
Shoaib Malik,PSL,PAK
SE Rutherford,CPL,WI
BCJ Cutting,BBL,AUS
Hussain Talat,PSL,PAK
Salman Irshad,PSL,PAK
Rahmanullah Gurbaz,Overseas,AFG
Mubasir Khan,PSL,PAK
Danish Aziz,PSL,PAK
Azam Khan,PSL,PAK
LA Dawson,T20 Blast/Hundred,ENG
M de Lange,SA20,SA
Muhammad Musa,PSL,PAK
Waqas Maqsood,PSL,PAK
Zahir Khan,Overseas,AFG
Umaid Asif,PSL,PAK
Ibtisam Sheikh,PSL,PAK
CJ Jordan,T20 Blast/Hundred,ENG
Mohammad Asghar,PSL,PAK
L Ronchi,Overseas,NZ/AUS
CAK Walton,CPL,WI
AD Russell,CPL,WI
PBB Rajapaksa,LPL,SL
JDS Neesham,Overseas,NZ
Khurram Shahzad,Overseas,QAT
Sufiyan Muqeem,PSL,PAK
MS Wade,BBL,AUS
Sharjeel Khan,PSL,PAK
Haider Ali,Overseas,BHR
Qasim Akram,PSL,PAK
AJ Tye,BBL,AUS
Imran Tahir,Overseas,SA/PAK
Sahibzada Farhan,PSL,PAK
HE van der Dussen,SA20,SA
Ahsan Hafeez,PSL,PAK
Jahandad Khan,PSL,PAK
GF Linde,SA20,SA
Zaman Khan,PSL,PAK
Muhammad Akhlaq,PSL,PAK
KA Pollard,CPL,WI
DR Sams,BBL,AUS
T Shamsi,SA20,SA
Ahsan Ali,PSL,PAK
Sarfraz Ahmed,PSL,PAK
Hassan Khan,Overseas,USA/PAK
Sohail Tanvir,PSL,PAK
Noor Ahmad,Overseas,AFG
Ghulam Mudassar,PSL,PAK
PD Salt,T20 Blast/Hundred,ENG
HC Brook,T20 Blast/Hundred,ENG
Rashid Khan,Overseas,AFG
ADS Fletcher,CPL,WI
Imam-ul-Haq,PSL,PAK
Umar Amin,PSL,PAK
Sameen Gul,PSL,PAK
Ahmed Shehzad,PSL,PAK
DJ Bravo,CPL,WI
Mohammad Nawaz (3),PSL,PAK
Fawad Ahmed,Overseas,AUS/PAK
CR Brathwaite,CPL,WI
DJ Malan,T20 Blast/Hundred,ENG
RR Hendricks,SA20,SA
DJ Willey,T20 Blast/Hundred,ENG
Usama Mir,PSL,PAK
Mohammad Ali,PSL,PAK
Shahnawaz Dhani,Overseas,CAN/WI
Mirza Baig,PSL,PAK
Abdul Bangalzai,PSL,PAK
OF Smith,CPL,WI
Qais Ahmad,Overseas,AFG
Tayyab Abbas,PSL,PAK
Anwar Ali,PSL,PAK
Arafat Minhas,PSL,PAK
Zahid Mahmood,PSL,PAK
B Muzarabani,Overseas,ZIM
KC Sangakkara,LPL,SL
RA Whiteley,T20 Blast/Hundred,ENG
Saif Badar,Overseas,USA/PAK
AP Devcich,Overseas,NZ
Agha Salman,PSL,PAK
Gulraiz Sadaf,PSL,PAK
BB McCullum,Overseas,NZ
SP Narine,CPL,WI
Sohail Khan,PSL,PAK
MJ McClenaghan,Overseas,NZ
LJ Wright,T20 Blast/Hundred,ENG
KP Pietersen,T20 Blast/Hundred,ENG
Saad Nasim,PSL,PAK
Zulfiqar Babar,PSL,PAK
TS Mills,T20 Blast/Hundred,ENG
MN Samuels,CPL,WI
MH Wessels,T20 Blast/Hundred,ENG
Rahat Ali,PSL,PAK
B Laughlin,BBL,AUS
Nauman Anwar,Overseas,USA/PAK
Mushfiqur Rahim,BPL,BAN
CH Gayle,CPL,WI
CS Delport,SA20,SA
Hammad Azam,Overseas,UAE
Naved Yasin,PSL,PAK
KK Cooper,CPL,WI
Zafar Gohar,PSL,PAK
Zohaib Khan,PSL,PAK
Ehsan Adil,Overseas,USA/PAK
Najibullah Zadran,Overseas,AFG
Naveen-ul-Haq,Overseas,AFG
AD Hales,T20 Blast/Hundred,ENG
Fazalhaq Farooqi,Overseas,AFG
WD Parnell,SA20,SA
Umar Siddiq,PSL,PAK
J Charles,CPL,WI
LJ Evans,T20 Blast/Hundred,ENG
DT Christian,BBL,AUS
Mohammad Ilyas,PSL,PAK
Nauman Ali,T20 Blast/Hundred,ENG
Mohammad Wasim,PSL,PAK
Rizwan Hussain,PSL,PAK
CJ Green,BBL,AUS
LMP Simmons,CPL,WI
Saifullah Bangash,PSL,PAK
E Chigumbura,Overseas,ZIM
Umar Gul,PSL,PAK
Akbar-ur-Rehman,PSL,PAK
AJ Turner,BBL,AUS
Rishad Hossain,BPL,BAN
Muhammad Faizan,PSL,PAK
TH David,Overseas,AUS/SGP
JP Faulkner,BBL,AUS
Ahmed Daniyal,PSL,PAK
DA Miller,SA20,SA
FA Allen,CPL,WI
Mohammad Imran,PSL,PAK
JM Clarke,T20 Blast/Hundred,ENG
TA Lammonby,T20 Blast/Hundred,ENG
L Gregory,T20 Blast/Hundred,ENG
Mohammad Taha,PSL,PAK
BM Duckett,T20 Blast/Hundred,ENG
Ashir Qureshi,PSL,PAK
Saad Baig,PSL,PAK
Mohammad Amir Khan,PSL,PAK
Mohammad Umar,PSL,PAK
S Mahmood,T20 Blast/Hundred,ENG
Ahmed Safi Abdullah,PSL,PAK
F du Plessis,SA20,SA
J Weatherald,BBL,AUS
SO Hetmyer,CPL,WI
Imran Khan,Overseas,BHR
L Wood,T20 Blast/Hundred,ENG
Salman Fayyaz,PSL,PAK
AJ Hosein,CPL,WI
Ihsanullah,Overseas,AFG
Imran Khan (2),Overseas,OMA/IND
UT Khawaja,BBL,AUS
MJ Owen,BBL,AUS
Abdul Samad,IPL,IND
AS Joseph,CPL,WI
Arif Yaqoob,PSL,PAK
Ali Raza,PSL,PAK
Mohammad Irfan (4),PSL,PAK
Shahzaib Hasan,PSL,PAK
J Allenby,BBL,AUS
BJ Hodge,BBL,AUS
Abdur Rehman,PSL,PAK
Imran Khan (1),PSL,PAK
Tayyab Tahir,PSL,PAK
JK Fuller,T20 Blast/Hundred,ENG
S Dadswell,SA20,SA
Awais Zia,PSL,PAK
GD Elliott,Overseas,NZ/SA
Shahid Yousuf,PSL,PAK
SW Tait,BBL,AUS
AM Rossington,T20 Blast/Hundred,ENG
Omair Yousuf,PSL,PAK
Ashar Zaidi,PSL,PAK
Imran Khalid,PSL,PAK
Saeed Ajmal,PSL,PAK
JL Denly,T20 Blast/Hundred,ENG
Usman Shinwari,PSL,PAK
N Pooran,CPL,WI
JM Cox,T20 Blast/Hundred,ENG
Hunain Shah,PSL,PAK
MD Shanaka,LPL,SL
Mehran Mumtaz,PSL,PAK
IA Cockbain,T20 Blast/Hundred,ENG
Mohammad Irfan (5),PSL,PAK
Mohammad Abbas,PSL,PAK
PI Walter,T20 Blast/Hundred,ENG
DM Bravo,CPL,WI
Raza Hasan,PSL,PAK
Mustafizur Rahman,BPL,BAN
AGS Gous,Overseas,USA/SA
JO Holder,CPL,WI
Muhammad Shahzad,PSL,PAK
RP Meredith,BBL,AUS
NLTC Perera,LPL,SL
Mahmudullah,BPL,BAN
JA Thompson,T20 Blast/Hundred,ENG
Aamer Azmat,Overseas,AFG
Ali Khan,PSL,PAK
Khurram Manzoor,PSL,PAK
T Banton,T20 Blast/Hundred,ENG
TJ Moores,T20 Blast/Hundred,ENG
MS Chapman,Overseas,NZ/HKG
Fawad Ali,PSL,PAK
S Badree,CPL,WI
Bilal Asif,PSL,PAK
KJ Abbott,SA20,SA
Azhar Ali,PSL,PAK
BAW Mendis,LPL,SL
Khalid Latif,PSL,PAK
KR Mayers,CPL,WI
Saad Masood,PSL,PAK
BJ Dwarshuis,BBL,AUS
Maaz Sadaqat,PSL,PAK
M Bryant,BBL,AUS
SS Cottrell,CPL,WI
Mukhtar Ahmed,Overseas,USA/PAK
Khalid Usman,PSL,PAK
PR Stirling,Overseas,IRE
Mohammad Imran (2),Overseas,BHR
L Tucker,Overseas,BER
Zeeshan Zameer,PSL,PAK
BA King,CPL,WI
Waqar Salamkheil,Overseas,AFG
C Campher,Overseas,IRE
Salman Butt,PSL,PAK
BRM Taylor,Overseas,ZIM
AF Milne,Overseas,NZ
Usman Tariq,PSL,PAK
JW Hastings,BBL,AUS
Sabbir Rahman,BPL,BAN
Nabi Gul,PSL,PAK
RN ten Doeschate,Overseas,NED/SA
Umair Masood,PSL,PAK
Mohammad Zeeshan,PSL,PAK
D Ramdin,CPL,WI
Bismillah Khan,PSL,PAK
NL McCullum,Overseas,NZ
Faisal Akram,PSL,PAK
JL du Plooy,T20 Blast/Hundred,ENG
D Foxcroft,Overseas,NZ/SA
Arish Ali,PSL,PAK
JP Duminy,SA20,SA
ST Finn,T20 Blast/Hundred,ENG
KA Jamieson,Overseas,NZ
DW Steyn,SA20,SA
WL Madsen,Overseas,ITA
Salman Mirza,PSL,PAK
WG Jacks,T20 Blast/Hundred,ENG
Athar Mahmood,PSL,PAK
S Prasanna,LPL,SL
Saad Ali,PSL,PAK
DAS Gunaratne,LPL,SL
DR Mousley,T20 Blast/Hundred,ENG
PR Brown,T20 Blast/Hundred,ENG
Shahid Aziz,PSL,PAK
Nasir Nawaz,PSL,PAK
Mohammad Huraira,BPL,BAN
GC Viljoen,SA20,SA
Abdul Nasir,PSL,PAK
Shakeel Ansar,PSL,PAK
Aftab Ibrahim,PSL,PAK
OC McCoy,CPL,WI
DJ Vilas,SA20,SA
JW Wells,BBL,AUS
BAC Howell,T20 Blast/Hundred,ENG
A Lyth,T20 Blast/Hundred,ENG
JD Wildermuth,BBL,AUS
DPMD Jayawardene,LPL,SL
Adnan Rasool,PSL,PAK
IR Bell,T20 Blast/Hundred,ENG
JM Bairstow,T20 Blast/Hundred,ENG
Mohammad Mohsin,Overseas,USA/PAK
MW Forde,CPL,WI
Faizan Khan,PSL,PAK
Kashif Bhatti,PSL,PAK
Maaz Khan,Overseas,LES
JC Archer,Overseas,ENG/WI
Mohammad Azab,PSL,PAK
OP Stone,T20 Blast/Hundred,ENG
Zia-ul-Haq,Overseas,USA/PAK
Adil Amin,PSL,PAK
Shawaiz Irfan,PSL,PAK
Azhar Mahmood,PSL,PAK
HF Gurney,T20 Blast/Hundred,ENG
Izharulhaq Naveed,Overseas,AFG
Zahoor Khan,Overseas,UAE/PAK
MN van Wyk,SA20,SA
Anamul Haque,BPL,BAN
SM Ervine,Overseas,ZIM
RR Emrit,CPL,WI
Sohaibullah,PSL,PAK
Sajjad Ali,PSL,PAK
N Thushara,LPL,SL
MP Breetzke,SA20,SA
T de Zorzi,SA20,SA
JT Smuts,SA20,SA
PWA Mulder,SA20,SA
H Klaasen,SA20,SA
KMA Paul,Overseas,Overseas
KA Maharaj,SA20,SA
RJW Topley,T20 Blast/Hundred,ENG
D Ferreira,SA20,SA
DAJ Bracewell,Overseas,NZ
Dayyaan Galiem,SA20,SA
LB Williams,SA20,SA
N Burger,SA20,SA
RD Rickelton,SA20,SA
SM Curran,T20 Blast/Hundred,ENG
D Brevis,SA20,SA
TP Kaber,SA20,SA
K Rabada,SA20,SA
N van Heerden,SA20,SA
K Verreynne,SA20,SA
CN Ackermann,Overseas,NED
TB de Bruyn,SA20,SA
S Muthusamy,SA20,SA
AU Rashid,T20 Blast/Hundred,ENG
E Bosch,SA20,SA
DM Dupavillon,SA20,SA
DG Bedingham,SA20,SA
Z Crawley,T20 Blast/Hundred,ENG
TB Abell,T20 Blast/Hundred,ENG
AK Markram,SA20,SA
J Hermann,SA20,SA
M Jansen,SA20,SA
T Stubbs,SA20,SA
SR Harmer,SA20,SA
OEG Baartman,SA20,SA
RJ Gleeson,T20 Blast/Hundred,ENG
B Parsons,SA20,SA
KS Williamson,Overseas,NZ
Q de Kock,SA20,SA
JF Smith,SA20,SA
CR Woakes,T20 Blast/Hundred,ENG
C Esterhuizen,SA20,SA
BE Hendricks,SA20,SA
R Herrmann,SA20,SA
R Shepherd,CPL,WI
C Fortuin,SA20,SA
A Nortje,SA20,SA
G Roelofsen,SA20,SA
D Potgieter,SA20,SA
DP Conway,Overseas,NZ/SA
WJ Lubbe,SA20,SA
E Jones,SA20,SA
M Theekshana,LPL,SL
L Sipamla,SA20,SA
MP Stoinis,BBL,AUS
PE Kruger,SA20,SA
DJ Worrall,BBL,AUS
Sediqullah Atal,Overseas,AFG
C Bosch,SA20,SA
TA Boult,Overseas,NZ
LG Pretorius,SA20,SA
RA Herman,SA20,SA
DN Wellalage,LPL,SL
KD Karthik,IPL,IND
AL Phehlukwayo,SA20,SA
BC Fortuin,SA20,SA
KT Maphaka,SA20,SA
CJ Dala,SA20,SA
JC Buttler,T20 Blast/Hundred,ENG
M Van Buuren,SA20,SA
FD Adams,SA20,SA
L Ngidi,SA20,SA
BS Makhanya,SA20,SA
SJ Erwee,SA20,SA
RE van der Merwe,Overseas,NED
SSB Magala,SA20,SA
G Coetzee,SA20,SA
AM Phangiso,SA20,SA
KI Simmonds,SA20,SA
JP King,SA20,SA
RR Simmonds,CPL,WI
Codi Yusuf,SA20,SA
D Jansen,SA20,SA
N Peter,SA20,SA
SW Billings,T20 Blast/Hundred,ENG
TK Curran,T20 Blast/Hundred,ENG
LS Livingstone,T20 Blast/Hundred,ENG
MM Ali,T20 Blast/Hundred,ENG
RS Bopara,T20 Blast/Hundred,ENG
SR Patel,T20 Blast/Hundred,ENG
T Kohler-Cadmore,T20 Blast/Hundred,ENG
JJ Roy,T20 Blast/Hundred,ENG
WCF Smeed,T20 Blast/Hundred,ENG
JM Vince,T20 Blast/Hundred,ENG
JE Root,T20 Blast/Hundred,ENG
BA Carse,T20 Blast/Hundred,ENG
N Brand,T20 Blast/Hundred,ENG
C Overton,T20 Blast/Hundred,ENG
MJ Ackerman,SA20,SA
K Lion-Cachet,SA20,SA
JP Behrendorff,BBL,AUS
M Pretorius,SA20,SA
T van Vuuren,SA20,SA
E Malinga,LPL,SL
B Swanepoel,SA20,SA
JA Turner,Overseas,ENG/SA
T Bavuma,SA20,SA
CJ King,SA20,SA
S Stolk,SA20,SA
C Jonker,SA20,SA
P Subrayen,SA20,SA
A Simelane,SA20,SA
SR Hain,Overseas,ENG/AUS
WB Marshall,SA20,SA
M Pathirana,LPL,SL
KJ Dudgeon,SA20,SA
CG Benjamin,Overseas,ENG/SA
T Luus,SA20,SA
MJ Potts,T20 Blast/Hundred,ENG
DL Piedt,SA20,SA
M Boast,SA20,SA
GG Peters,SA20,SA
JN Malan,SA20,SA
GHS Garton,T20 Blast/Hundred,ENG
BR McDermott,BBL,AUS
TS Rogers,BBL,AUS
SJ Cook,T20 Blast/Hundred,ENG
I Manack,SA20,SA
D Marais,SA20,SA
A Gqamane,SA20,SA
MP Siboto,SA20,SA
A Dananjaya,LPL,SL
MS Crane,T20 Blast/Hundred,ENG
K Lewis,CPL,WI
Afif Hossain,BPL,BAN
Mehedi Hasan Miraz,BPL,BAN
Shamim Hossain,BPL,BAN
Naeem Islam,BPL,BAN
Nasum Ahmed,BPL,BAN
Mukidul Islam,BPL,BAN
Shoriful Islam,BPL,BAN
Mohammad Shahzad,BPL,BAN
Jahurul Islam,BPL,BAN
Mohammad Naim,BPL,BAN
Shuvagata Hom,BPL,BAN
I Udana,LPL,SL
Arafat Sunny,BPL,BAN
Ebadat Hossain,BPL,BAN
Rubel Hossain,BPL,BAN
Mahedi Hasan,BPL,BAN
Parvez Hossain Emon,BPL,BAN
Rakibul Hasan,Overseas,ITA/BAN
Nurul Hasan,BPL,BAN
Hasan Mahmud,BPL,BAN
Towfiq Khan,BPL,BAN
Darwish Rasooli,Overseas,AFG
Ziaur Rahman,Overseas,AFG
V Viyaskanth,LPL,SL
Mrittunjoy Chowdhury,BPL,BAN
Mehedi Hasan Rana,BPL,BAN
Taijul Islam,BPL,BAN
Rony Talukdar,BPL,BAN
Shahriar Nafees,BPL,BAN
Mehedi Maruf,BPL,BAN
Al-Amin Hossain,BPL,BAN
Abdullah Al Mamun,BPL,BAN
Soumya Sarkar,BPL,BAN
Mohammad Mithun,BPL,BAN
Saqlain Sajib,BPL,BAN
Abu Jayed,BPL,BAN
Fazle Mahmud,BPL,BAN
Abu Hider,BPL,BAN
Nazmul Hossain Shanto,BPL,BAN
HT Tector,Overseas,IRE
Zakir Hasan,BPL,BAN
Shamsur Rahman,BPL,BAN
RP Burl,Overseas,ZIM
Ariful Haque,BPL,BAN
Nayeem Hasan,BPL,BAN
Rejaur Rahman,BPL,BAN
R Ngarava,Overseas,ZIM
Imrul Kayes,BPL,BAN
Mohammad Saifuddin,BPL,BAN
Liton Das,BPL,BAN
Alok Kapali,BPL,BAN
Taskin Ahmed,BPL,BAN
Nabil Samad,BPL,BAN
Tanzid Hasan,BPL,BAN
Munim Shahriar,BPL,BAN
JP Kotze,Overseas,NAM/SA
Mosaddek Hossain,BPL,BAN
Farmanullah,Overseas,AFG
PC de Silva,LPL,SL
Towhid Hridoy,BPL,BAN
R Mondol,BPL,BAN
Tanvir Islam,BPL,BAN
HG Kuhn,SA20,SA
Mohor Sheikh,BPL,BAN
Yasir Ali Chowdhury,T20 Blast/Hundred,ENG
R Frylinck,SA20,SA
Sunzamul Islam,BPL,BAN
Khaled Ahmed,BPL,BAN
MD Gunathilaka,LPL,SL
L Croospulle,LPL,SL
AI Ross,BBL,AUS
Irfan Sukkur,BPL,BAN
Alauddin Babu,BPL,BAN
BMAJ Mendis,LPL,SL
Nadif Chowdhury,BPL,BAN
Hasanuzzaman,BPL,BAN
Taibur Rahman,BPL,BAN
Shafiul Islam,BPL,BAN
Mosharraf Hossain,BPL,BAN
Junaid Siddique,Overseas,UAE
Farhad Reza,BPL,BAN
Sohag Gazi,BPL,BAN
Mashrafe Mortaza,BPL,BAN
P Mustard,T20 Blast/Hundred,ENG
MF Maharoof,LPL,SL
Elias Sunny,BPL,BAN
Hamid Hassan,Overseas,AFG/PAK
Nazmul Islam,BPL,BAN
Nasir Hossain,BPL,BAN
CJ Borgas,BBL,AUS
DP Hyatt,CPL,WI
Dhiman Ghosh,BPL,BAN
KJ O'Brien,Overseas,IRE
Abdur Razzak,BPL,BAN
FH Edwards,CPL,WI
Saju Datta,BPL,BAN
E Lewis,CPL,WI
Mohammad Saddam,PSL,PAK
Nahidul Islam,BPL,BAN
Mominul Haque,BPL,BAN
Yasir Arafat,PSL,PAK
Kabir Ali,T20 Blast/Hundred,ENG
Nasir Jamshed,PSL,PAK
Enamul Haque jnr,BPL,BAN
M Muralitharan,Overseas,SUI
SS Eskinazi,Overseas,ENG/AUS
Shahadat Hossain,BPL,BAN
Shubham Ranjane,Overseas,USA/IND
Jishan Alam,BPL,BAN
Akbar Ali,Overseas,AFG
Sabbir Hossain,BPL,BAN
Hasan Murad,BPL,BAN
Kamrul Islam Rabbi,BPL,BAN
Shohidul Islam,BPL,BAN
Usman Ghani,Overseas,AFG
EMDY Munaweera,LPL,SL
RJ Das,T20 Blast/Hundred,ENG
Al-Amin,BPL,BAN
JEC Franklin,Overseas,NZ
KOK Williams,CPL,WI
Abdul Mazid,BPL,BAN
S Chanderpaul,CPL,WI
Nazmul Hossain Milon,BPL,BAN
Suhrawadi Shuvo,BPL,BAN
DP Nannes,Overseas,AUS/NED
Bishawnath Halder,BPL,BAN
Shykat Ali,BPL,BAN
NJ O'Brien,Overseas,IRE
Mohammad Sharif,BPL,BAN
Taposh Ghosh,BPL,BAN
Habibur Rahman,BPL,BAN
Nahid Rana,BPL,BAN
Nihaduzzaman,BPL,BAN
SL Malinga,LPL,SL
G Clark,T20 Blast/Hundred,ENG
B Fernando,LPL,SL
Mahmudul Hasan Joy,BPL,BAN
Shafiqul Islam,BPL,BAN
Mahidul Islam Ankon,BPL,BAN
Robiul Islam Robi,BPL,BAN
Sumon Khan,BPL,BAN
Jaker Ali,BPL,BAN
TR Birt,BBL,AUS
J Mubarak,LPL,SL
Mizanur Rahman,BPL,BAN
Asif Ahmed,BPL,BAN
K Santokie,CPL,WI
Noor Hossain,BPL,BAN
L Vincent,Overseas,NZ
CK Coventry,Overseas,ZIM
CK Kapugedera,LPL,SL
Muktar Ali,BPL,BAN
Monir Hossain,BPL,BAN
BM Edmondson,BBL,AUS
Arif Ahmed,BPL,BAN
JL Jaggesar,CPL,WI
O Thomas,CPL,WI
Tanzim Hasan Sakib,BPL,BAN
Abul Hasan,BPL,BAN
WU Tharanga,LPL,SL
LE Plunkett,Overseas,USA/ENG
Hossain Ali,BPL,BAN
MP O'Dowd,Overseas,NED/ENG
TT Bresnan,T20 Blast/Hundred,ENG
S van Zyl,SA20,SA
LM Reece,T20 Blast/Hundred,ENG
Tanbir Hayder,BPL,BAN
Subashis Roy,BPL,BAN
AG Cremer,Overseas,ZIM
Mohammad Ashraful,BPL,BAN
Pritom Kumar,BPL,BAN
Karim Janat,Overseas,AFG
JB Lintott,T20 Blast/Hundred,ENG
Aaron Jones,Overseas,USA/WI
Robiul Haque,BPL,BAN
Jubair Hossain,BPL,BAN
Amir Hamza,Overseas,AFG
Farhad Hossain,BPL,BAN
Imran Nazir,PSL,PAK
Nazimuddin,BPL,BAN
Naved-ul-Hasan,PSL,PAK
Al Islam,BPL,BAN
Enamul Haque,BPL,BAN
HM Amla,SA20,SA
Shafiqullah,Overseas,AFG
Delwar Hossain,BPL,BAN
WIA Fernando,LPL,SL
UBT Chand,Overseas,USA/IND
PM Pushpakumara,LPL,SL
Sanjit Saha,BPL,BAN
Riaz Hassan,Overseas,AFG
Rahmat Ali,BPL,BAN
WG Bosisto,BBL,AUS
Musfik Hasan,BPL,BAN
DI Stevens,T20 Blast/Hundred,ENG
Mehrab Hossain jnr,BPL,BAN
ST Jayasuriya,LPL,SL
Marshall Ayub,BPL,BAN
Samiullah Shenwari,Overseas,AFG
Shapoor Zadran,Overseas,AFG
TM Dilshan,LPL,SL
JJ Cobb,T20 Blast/Hundred,ENG
Mahbubul Alam,BPL,BAN
AC Thomas,SA20,SA
Raqibul Hasan,BPL,BAN
CJ Liddle,T20 Blast/Hundred,ENG
DJ Harris,BBL,AUS
SM Katich,BBL,AUS
SMSM Senanayake,LPL,SL
Rohanat Doullah Borson,BPL,BAN
OA Shah,IPL,IND
H Masakadza,Overseas,ZIM
TAM Siriwardana,LPL,SL
Mahmudul Hasan,BPL,BAN
Qazi Onik,BPL,BAN
Rahatul Ferdous,BPL,BAN
Zawad Abrar,BPL,BAN
Ruyel Miah,BPL,BAN
Abdul Razzaq,PSL,PAK
Ashiqur Zaman,BPL,BAN
MN Waller,Overseas,ZIM
Asif Hasan,BPL,BAN
Sajedul Islam,BPL,BAN
SM Meherob,BPL,BAN
SMLD Samarakoon,LPL,SL
SR Taylor,Overseas,USA
Saif Hassan,BPL,BAN
Maruf Mridha,BPL,BAN
Ibrahim Zadran,Overseas,AFG
Aminul Islam,BPL,BAN
RA Reifer,CPL,WI
Minhajul Abedin Afridi,BPL,BAN
DJ Bell-Drummond,T20 Blast/Hundred,ENG
A Balbirnie,Overseas,IRE
PA van Meekeren,Overseas,NED
Gulbadin Naib,Overseas,AFG
Salman Hossain,BPL,BAN
Nazmul Hossain,BPL,BAN
Murad Khan,BPL,BAN
MT Coles,T20 Blast/Hundred,ENG
Mohammad Shahid,PSL,PAK
KMDN Kulasekara,LPL,SL
Shadman Islam,BPL,BAN
Amit Kumar,IPL,IND
BD Guest,T20 Blast/Hundred,ENG
J Brown,BBL,AUS
TC Bruce,Overseas,NZ
Bilal Khan,Overseas,OMA
HG Munsey,Overseas,SCOT
ACR Birch,SA20,SA
Imran Uzzaman,BPL,BAN
Y Cariah,CPL,WI
Imtiaz Hossain,BPL,BAN
SJ Benn,CPL,WI
AM McCarthy,Overseas,IRE
Tahjibul Islam,BPL,BAN
M Deyal,CPL,WI
HH Gibbs,SA20,SA
AR Adams,Overseas,NZ
Saghir Hossain,BPL,BAN
Tapash Baisya,BPL,BAN
Jubair Ahmed,BPL,BAN
Salauddin Sakil,BPL,BAN
SC Williams,CPL,WI
AN Kervezee,Overseas,NED
N Dutta,IPL,IND
RL Chase,CPL,WI
SPD Smith,BBL,AUS
SF Mire,Overseas,ZIM
M Klinger,BBL,AUS
Azizul Hakim,BPL,BAN
Aks Swadhin,BPL,BAN
Shiraz Ahmed,Overseas,UAE
Pinak Ghosh,BPL,BAN
JDP Oram,Overseas,NZ
Dolar Mahmud,BPL,BAN
RJMGM Rupasinghe,LPL,SL
Waseem Muhammad,Overseas,QAT
Aftab Ahmed,PSL,PAK
Zia-ur-Rehman,Overseas,AFG
AJ Blake,T20 Blast/Hundred,ENG
Rameez Raja,PSL,PAK
Shafiul Hayet,BPL,BAN
KS Lokuarachchi,LPL,SL
Naeem Islam Jr.,BBL,AUS
AK Perera,LPL,SL
PD Trego,T20 Blast/Hundred,ENG
TL Maynard,T20 Blast/Hundred,ENG
SB Styris,Overseas,NZ
Sharifullah,BPL,BAN
CAK Rajitha,LPL,SL
BKEL Milantha,Overseas,USA/SL
Zubaid Akbari,Overseas,AFG
RR Beaton,CPL,WI
Rizwan Cheema,Overseas,CAN
Faisal Hossain,BPL,BAN
Shafiqullah Ghafari,Overseas,AFG
PWH de Silva,T20 Blast/Hundred,ENG
Ahsan Bhatti,PSL,PAK
K Alleyne,CPL,WI
Fardeen Hasan,BPL,BAN
Faisal Iqbal,PSL,PAK
GB Hogg,BBL,AUS
Qaisar Abbas,Overseas,MLT
Fawad Alam,PSL,PAK
Syed Rasel,BPL,BAN
RRS Cornwall,CPL,WI
Rubel Mia,BPL,BAN
SM Harwood,BBL,AUS
ML Cummins,CPL,WI
Sajjadul Haque,BPL,BAN
Aftab Alam,Overseas,MLT
AD Mascarenhas,T20 Blast/Hundred,ENG
Jashimuddin,BPL,BAN
Tipu Sultan,BPL,BAN
MDKJ Perera,LPL,SL
Talha Jubair,BPL,BAN
DP Sibley,T20 Blast/Hundred,ENG
Mahfuzur Rahman Rabby,BPL,BAN
GSNFG Jayasuriya,Overseas,USA/SL
Raza Ali Dar,PSL,PAK
HDRL Thirimanne,LPL,SL
LHD Dilhara,LPL,SL
MADI Hemantha,LPL,SL
Iqbal Hossain Emon,BPL,BAN
Zahiduzzaman,BPL,BAN
Ifran Hossain,BPL,BAN
TL O'Connell,BBL,AUS
PTM Dabare,LPL,SL
MNK Fernando,LPL,SL
M Subasingha,LPL,SL
Pulina Tharanga,LPL,SL
N Pradeep,LPL,SL
C Karunaratne,LPL,SL
P Nissanka,LPL,SL
PHKD Mendis,LPL,SL
KNA Bandara,LPL,SL
C Wijesinghe,LPL,SL
A Daniel,LPL,SL
N Dickwella,LPL,SL
K Nadeeshan,LPL,SL
CBRLS Kumara,LPL,SL
LD Chandimal,LPL,SL
LU Igalagamage,LPL,SL
SMA Priyanjan,LPL,SL
ST de Silva,LPL,SL
AD Mathews,LPL,SL
PHT Kaushal,LPL,SL
PVD Chameera,LPL,SL
HH Ramanayake,LPL,SL
KIC Asalanka,LPL,SL
M Bhanuka,LPL,SL
RAS Lakmal,LPL,SL
D Olivier,SA20,SA
IK Pathan,IPL,IND
MDK Perera,LPL,SL
MVT Fernando,LPL,SL
ND Paranavithana,LPL,SL
JDF Vandersay,LPL,SL
KNM Fernando,LPL,SL
PARP Perera,LPL,SL
D Madushanka,LPL,SL
Yashodha Lanka,LPL,SL
RTM Mendis,LPL,SL
PADLR Sandakan,LPL,SL
ND Perera,LPL,SL
S Colombage,LPL,SL
N Vimukthi,LPL,SL
DM de Silva,LPL,SL
R Rampaul,CPL,WI
JNT Seales,CPL,WI
W Sahan,LPL,SL
AM Fernando,LPL,SL
J Liyanage,LPL,SL
SSD Arachchige,LPL,SL
NGRP Jayasuriya,LPL,SL
GD Phillips,Overseas,NZ
S Samarawickrama,LPL,SL
I Wijesundera,LPL,SL
C Gomez,LPL,SL
RS Fernando,LPL,SL
H Kerr,BBL,AUS
C Wickramasinghe,LPL,SL
BOP Fernando,LPL,SL
LN Malinga,LPL,SL
S Daniel,LPL,SL
LD Madushanka,LPL,SL
S Jayathilake,LPL,SL
DS Thilakaratne,LPL,SL
PM Liyanagamage,LPL,SL
KTH Ratnayake,LPL,SL
M Tharupathi,LPL,SL
P Jayawickrama,LPL,SL
Sammu Ashan,LPL,SL
DC Drakes,CPL,WI
D Lakshan,LPL,SL
Tillakaratne Sampath,LPL,SL
P Rathnayake,LPL,SL
Ishan Jayaratne,LPL,SL
S Lakshan,LPL,SL
LEK Edirisinghe,LPL,SL
DA Randika,LPL,SL
A Wickramasinghe,LPL,SL
G Sanketh,LPL,SL
DS Weerakkody,LPL,SL
MM Patel,IPL,IND
M Shiraz,LPL,SL
CJ Bowes,Overseas,NZ/SA
S de Livera,LPL,SL
K Pathiratne,LPL,SL
GS Dinusha,LPL,SL
MA Aponso,Overseas,USA/SA
M Lakshan,LPL,SL
S Tyagi,Overseas,SGP
KTGD Prasad,LPL,SL
K Anjula,LPL,SL
Kaveen Bandara,LPL,SL
KKV Perera,LPL,SL
YSD Seneveratne,Overseas,CAY
DC Thomas,CPL,WI
S Rajapaksa,LPL,SL
Mohamed Shamaz,LPL,SL
L Embuldeniya,LPL,SL
MS Gony,IPL,IND
LAC Ruwansiri,LPL,SL
TM Head,BBL,AUS
Abhishek Sharma,IPL,IND
Nithish Kumar Reddy,LPL,SL
RA Tripathi,IPL,IND
Shahbaz Ahmed,PSL,PAK
PJ Cummins,BBL,AUS
B Kumar,IPL,IND
JD Unadkat,IPL,IND
T Natarajan,IPL,IND
Arshdeep Singh,IPL,IND
S Dhawan,IPL,IND
P Simran Singh,Overseas,NEP
Shashank Singh,IPL,IND
JM Sharma,IPL,IND
Ashutosh Sharma,IPL,IND
Harpreet Brar,IPL,IND
HV Patel,IPL,IND
Akash Singh,IPL,IND
RD Gaikwad,IPL,IND
AM Rahane,IPL,IND
S Dube,IPL,IND
RA Jadeja,IPL,IND
MS Dhoni,IPL,IND
AT Rayudu,IPL,IND
TU Deshpande,IPL,IND
Suyash Sharma,IPL,IND
N Jagadeesan,IPL,IND
VR Iyer,IPL,IND
N Rana,IPL,IND
RK Singh,IPL,IND
UT Yadav,IPL,IND
CV Varun,IPL,IND
K Khejroliya,IPL,IND
M Vijay,IPL,IND
ML Hayden,BBL,AUS
SK Raina,IPL,IND
S Badrinath,IPL,IND
JA Morkel,SA20,SA
SB Jakati,IPL,IND
L Balaji,IPL,IND
GC Smith,SA20,SA
NV Ojha,IPL,IND
SA Asnodkar,IPL,IND
YK Pathan,IPL,IND
LA Carseldine,BBL,AUS
AS Raut,IPL,IND
SK Warne,BBL,AUS
SK Trivedi,IPL,IND
RG Sharma,IPL,IND
SA Yadav,IPL,IND
SS Tiwary,IPL,IND
HH Pandya,IPL,IND
KH Pandya,IPL,IND
NM Coulter-Nile,BBL,AUS
J Yadav,IPL,IND
JJ Bumrah,IPL,IND
PP Shaw,IPL,IND
RR Pant,IPL,IND
SS Iyer,IPL,IND
AR Patel,IPL,IND
R Ashwin,IPL,IND
Avesh Khan,IPL,IND
MEK Hussey,BBL,AUS
P Negi,IPL,IND
MM Sharma,IPL,IND
A Nehra,IPL,IND
PA Patel,IPL,IND
Harbhajan Singh,IPL,IND
J Suchith,IPL,IND
R Vinay Kumar,IPL,IND
G Gambhir,IPL,IND
V Sehwag,IPL,IND
PJ Sangwan,IPL,IND
A Mishra,IPL,IND
R Bhatia,IPL,IND
GD McGrath,BBL,AUS
SE Marsh,BBL,AUS
JR Hopes,BBL,AUS
Yuvraj Singh,IPL,IND
LA Pomersbach,BBL,AUS
RR Powar,IPL,IND
PP Chawla,IPL,IND
U Kaul,IPL,IND
S Sreesanth,IPL,IND
VRV Singh,IPL,IND
RP Singh,IPL,IND
P Parameswaran,IPL,IND
P Prasanth,IPL,IND
Y Gnaneswara Rao,IPL,IND
FY Fazal,IPL,IND
R Dravid,IPL,IND
AL Menaria,IPL,IND
PR Shah,IPL,IND
AA Chavan,IPL,IND
ND Doshi,T20 Blast/Hundred,ENG
Y Venugopal Rao,IPL,IND
LRPL Taylor,Overseas,NZ
VR Aaron,IPL,IND
V Kohli,IPL,IND
MA Agarwal,IPL,IND
Z Khan,IPL,IND
R Tewatia,IPL,IND
I Sharma,IPL,IND
Rasikh Salam,IPL,IND
Washington Sundar,IPL,IND
Umran Malik,IPL,IND
WP Saha,IPL,IND
Shubman Gill,IPL,IND
A Manohar,IPL,IND
LH Ferguson,Overseas,NZ
Yash Dayal,IPL,IND
Mohammed Shami,IPL,IND
M Vohra,IPL,IND
GJ Maxwell,BBL,AUS
P Sahu,IPL,IND
Sandeep Sharma,IPL,IND
Ankit Sharma,IPL,IND
M Ashwin,IPL,IND
M Shahrukh Khan,IPL,IND
RD Chahar,IPL,IND
VG Arora,IPL,IND
Ishan Kishan,IPL,IND
Tilak Varma,IPL,IND
Basil Thampi,IPL,IND
Joginder Sharma,IPL,IND
P Amarnath,IPL,IND
RV Uthappa,IPL,IND
SM Pollock,SA20,SA
AM Nayar,IPL,IND
MA Khote,IPL,IND
VS Yeligati,IPL,IND
DS Kulkarni,IPL,IND
M Manhas,IPL,IND
BW Hilfenhaus,BBL,AUS
IC Pandey,IPL,IND
SV Samson,IPL,IND
STR Binny,IPL,IND
TG Southee,Overseas,NZ
PV Tambe,IPL,IND
B Sai Sudharsan,IPL,IND
R Sai Kishore,IPL,IND
Mohammed Siraj,IPL,IND
M Prasidh Krishna,IPL,IND
PVSN Raju,IPL,IND
R Minz,IPL,IND
Naman Dhir,IPL,IND
MJ Santner,Overseas,NZ
DL Chahar,IPL,IND
K Goel,IPL,IND
T Kohli,IPL,IND
VS Malik,IPL,IND
YA Abdulla,SA20,SA
SC Ganguly,IPL,IND
Yashpal Singh,IPL,IND
A Chopra,IPL,IND
MC Henriques,BBL,AUS
LR Shukla,IPL,IND
M Kartik,IPL,IND
AB Dinda,IPL,IND
Y Nagar,IPL,IND
AB Agarkar,IPL,IND
M Morkel,SA20,SA
S Nadeem,IPL,IND
RE Levi,SA20,SA
DJ Jacobs,SA20,SA
CJ McKay,BBL,AUS
PP Ojha,IPL,IND
D Padikkal,IPL,IND
R Parag,IPL,IND
YS Chahal,IPL,IND
KR Sen,IPL,IND
HR Shokeen,IPL,IND
K Kartikeya,IPL,IND
MK Tiwary,IPL,IND
R Sharma,Overseas,MLT
NJ Maddinson,BBL,AUS
S Rana,IPL,IND
MA Starc,BBL,AUS
SB Bangar,IPL,IND
Anureet Singh,IPL,IND
PC Valthaty,IPL,IND
RJ Quiney,BBL,AUS
M Rawat,IPL,IND
Kamran Khan,Overseas,QAT
M Siddharth,IPL,IND
MR Marsh,BBL,AUS
A Badoni,IPL,IND
SN Thakur,IPL,IND
Ravi Bishnoi,IPL,IND
DS Rathi,IPL,IND
Priyansh Arya,IPL,IND
N Wadhera,IPL,IND
Suryansh Shedge,IPL,IND
KM Jadhav,IPL,IND
RV Gomez,IPL,IND
MS Bisla,IPL,IND
JH Kallis,SA20,SA
B Lee,BBL,AUS
Iqbal Abdulla,IPL,IND
KK Nair,IPL,IND
DJ Hooda,IPL,IND
J Theron,Overseas,USA/SA
JD Ryder,Overseas,NZ
AC Gilchrist,BBL,AUS
AA Bilakhia,IPL,IND
TL Suman,IPL,IND
Shoaib Ahmed,PSL,PAK
DL Vettori,Overseas,NZ
K Yadav,IPL,IND
YBK Jaiswal,IPL,IND
Dhruv Jurel,IPL,IND
A Zampa,BBL,AUS
Yash Thakur,IPL,IND
KL Rahul,IPL,IND
MJ Henry,Overseas,NZ
Mohsin Khan,IPL,IND
GS Sandhu,T20 Blast/Hundred,ENG
Ramandeep Singh,IPL,IND
Harshit Rana,IPL,IND
A Kamboj,IPL,IND
JR Hazlewood,BBL,AUS
Anmolpreet Singh,IPL,IND
VVS Laxman,IPL,IND
AS Yadav,IPL,IND
DP Vijaykumar,IPL,IND
B Chipli,IPL,IND
W Jaffer,IPL,IND
MV Boucher,SA20,SA
P Kumar,LPL,SL
A Kumble,IPL,IND
S Anirudha,IPL,IND
Bipul Sharma,IPL,IND
A Ashish Reddy,IPL,IND
BB Sran,IPL,IND
Mukesh Choudhary,IPL,IND
MK Pandey,IPL,IND
BA Stokes,T20 Blast/Hundred,ENG
S Gopal,IPL,IND
CH Morris,SA20,SA
CA Pujara,IPL,IND
GJ Bailey,BBL,AUS
R Dhawan,IPL,IND
MG Johnson,BBL,AUS
M Markande,IPL,IND
C de Grandhomme,Overseas,NZ/ZIM
Navdeep Saini,IPL,IND
Mandeep Singh,Overseas,PORT
Sachin Baby,IPL,IND
S Aravind,IPL,IND
A Choudhary,IPL,IND
PK Garg,IPL,IND
PN Mankad,IPL,IND
NT Ellis,BBL,AUS
AS Rajpoot,IPL,IND
DJ Hussey,BBL,AUS
Gurkeerat Singh,IPL,IND
R Sathish,IPL,IND
RJ Harris,BBL,AUS
P Awana,IPL,IND
KL Nagarkoti,IPL,IND
Shivam Mavi,IPL,IND
Kartik Tyagi,IPL,IND
KV Sharma,IPL,IND
Ashwani Kumar,IPL,IND
Arshad Khan,IPL,IND
S Kaul,IPL,IND
SN Khan,IPL,IND
Harpreet Singh,IPL,IND
JE Taylor,CPL,WI
J Botha,SA20,SA
A Singh,Overseas,NEP
DH Yagnik,IPL,IND
DE Bollinger,BBL,AUS
MJ Lumb,T20 Blast/Hundred,ENG
AA Jhunjhunwala,IPL,IND
S Narwal,IPL,IND
SB Wagh,IPL,IND
NA Saini,IPL,IND
KM Asif,IPL,IND
Lalit Yadav,IPL,IND
V Shankar,IPL,IND
Abishek Porel,IPL,IND
Mukesh Kumar,IPL,IND
KK Ahmed,IPL,IND
R Ravindra,Overseas,NZ
Sameer Rizvi,IPL,IND
CL White,BBL,AUS
BB Samantray,IPL,IND
V Pratap Singh,IPL,IND
MJ Clarke,BBL,AUS
DB Das,IPL,IND
R McLaren,SA20,SA
SR Tendulkar,IPL,IND
AN Ahmed,IPL,IND
MD Mishra,IPL,IND
A Symonds,BBL,AUS
B Sumanth,IPL,IND
WPUJC Vaas,LPL,SL
Harmeet Singh,IPL,IND
PD Collingwood,T20 Blast/Hundred,ENG
S Vidyut,IPL,IND
SP Fleming,Overseas,NZ
DJ Thornely,BBL,AUS
YV Takawale,IPL,IND
RR Raje,IPL,IND
SP Goswami,IPL,IND
CJ Ferguson,BBL,AUS
JPR Scantlebury-Searles,CPL,WI
Kuldeep Yadav,IPL,IND
AJ Finch,BBL,AUS
Aman Hakim Khan,IPL,IND
RT Ponting,BBL,AUS
KB Arun Karthik,IPL,IND
P Suyal,IPL,IND
RK Bhui,IPL,IND
Sumit Kumar,IPL,IND
AD Nath,IPL,IND
SS Agarwal,IPL,IND
NB Singh,IPL,IND
KC Cariappa,IPL,IND
NS Naik,IPL,IND
AP Tare,IPL,IND
RM Patidar,IPL,IND
MK Lomror,IPL,IND
Karanveer Singh,IPL,IND
DR Shorey,IPL,IND
A Raghuvanshi,IPL,IND
AS Roy,IPL,IND
V Nigam,IPL,IND
KW Richardson,BBL,AUS
JM Kemp,SA20,SA
M Kaif,IPL,IND
SJ Srivastava,IPL,IND
Sunny Singh,IPL,IND
BA Bhatt,IPL,IND
SP Jackson,IPL,IND
RS Sodhi,IPL,IND
IR Jaggi,IPL,IND
DB Ravi Teja,IPL,IND
RG More,IPL,IND
GH Vihari,IPL,IND
TP Sudhindra,IPL,IND
S Ladda,IPL,IND
B Akhil,IPL,IND
SB Joshi,IPL,IND
Anirudh Singh,IPL,IND
Jaskaran Singh,T20 Blast/Hundred,ENG
AB Barath,CPL,WI
AG Murtaza,IPL,IND
JR Philippe,BBL,AUS
Anuj Rawat,IPL,IND
SS Prabhudessai,IPL,IND
A Mithun,IPL,IND
KP Appanna,IPL,IND
VY Mahesh,IPL,IND
Mohammad Asif,PSL,PAK
JL Pattinson,BBL,AUS
KS Bharat,IPL,IND
J Fraser-McGurk,BBL,AUS
SB Dubey,IPL,IND
ER Dwivedi,IPL,IND
R Shukla,IPL,IND
Aniket Verma,IPL,IND
Zeeshan Ansari,IPL,IND
S Sohal,Overseas,USA/IND
T Taibu,Overseas,ZIM
AN Ghosh,IPL,IND
Akash Madhwal,IPL,IND
Vishnu Vinod,IPL,IND
C Green,BBL,AUS
JA Richardson,BBL,AUS
C Sakariya,IPL,IND
LPC Silva,LPL,SL
Virat Singh,IPL,IND
SD Lad,IPL,IND
JG Bethell,T20 Blast/Hundred,ENG
A Mhatre,IPL,IND
SK Rasheed,IPL,IND
S Kaushik,IPL,IND
Akash Deep,IPL,IND
RA Bawa,IPL,IND
SC Kuggeleijn,Overseas,NZ
DJM Short,BBL,AUS
K Gowtham,IPL,IND
J Overton,T20 Blast/Hundred,ENG
Arjun Tendulkar,IPL,IND
IS Sodhi,Overseas,NZ
Vivrant Sharma,IPL,IND
Gagandeep Singh,IPL,IND
RS Hangargekar,IPL,IND
Pankaj Singh,IPL,IND
NK Patel,Overseas,USA
Y Prithvi Raj,IPL,IND
MA Wood,T20 Blast/Hundred,ENG
MS Bhandage,IPL,IND
JP Inglis,Overseas,AUS/ENG
XC Bartlett,BBL,AUS
Sanvir Singh,IPL,IND
AP Dole,IPL,IND
Ankit Soni,IPL,IND
M Ntini,SA20,SA
WA Mota,IPL,IND
I Malhotra,IPL,IND
AM Salvi,IPL,IND
N Saini,IPL,IND
CM Gautam,IPL,IND
D Salunkhe,IPL,IND
AG Paunikar,IPL,IND
A Chandila,IPL,IND
S Sandeep Warrier,IPL,IND
DS Lehmann,BBL,AUS
B Geeves,BBL,AUS
NJ Rimmington,BBL,AUS
P Dogra,IPL,IND
X Thalaivan Sargunam,IPL,IND
Swapnil Singh,IPL,IND
CK Langeveldt,SA20,SA
CRD Fernando,LPL,SL
BJ Rohrer,BBL,AUS
DJ Muthuswami,IPL,IND
V Suryavanshi,IPL,IND
Yudhvir Singh,IPL,IND
MC Juneja,IPL,IND
PA Reddy,IPL,IND
Anand Rajan,IPL,IND
AUK Pathan,IPL,IND
J Syed Mohammad,IPL,IND
Simarjeet Singh,IPL,IND
RV Patel,IPL,IND
Parvez Rasool,IPL,IND
UA Birla,IPL,IND
K Upadhyay,IPL,IND
SZ Mulani,IPL,IND
SE Bond,Overseas,NZ
TM Srivastava,IPL,IND
AP Majumdar,IPL,IND
Vijaykumar Vyshak,IPL,IND
RR Bose,IPL,IND
TD Paine,BBL,AUS
B Indrajith,IPL,IND
J Arunkumar,IPL,IND
DT Patil,IPL,IND
Abdul Basith,IPL,IND
AC Voges,BBL,AUS
SD Chitnis,IPL,IND
AA Kazi,IPL,IND
A Uniyal,IPL,IND
P Dharmani,IPL,IND
RJ Peterson,SA20,SA
L Ablish,IPL,IND
AA Kulkarni,IPL,IND
AC Blizzard,BBL,AUS
C Nanda,IPL,IND
B Stanlake,BBL,AUS
Atharva Taide,IPL,IND
MW Short,BBL,AUS
S Randiv,LPL,SL
DNT Zoysa,LPL,SL
H Das,IPL,IND
V Puthur,IPL,IND
D Kalyankrishna,IPL,IND
RR Sarwan,CPL,WI
P Dubey,IPL,IND
SH Johnson,Overseas,AUS/ITA
A Nel,SA20,SA
M Tiwari,IPL,IND
VH Zol,IPL,IND
AB McDonald,BBL,AUS
H Sharma,IPL,IND
Saurav Chauhan,IPL,IND
Mayank Dagar,IPL,IND
KH Devdhar,IPL,IND
Prince Yadav,IPL,IND
MP Yadav,IPL,IND
SM Boland,BBL,AUS
P Chopra,IPL,IND
SS Mundhe,IPL,IND
YV Dhull,IPL,IND
Urvil Patel,IPL,IND
RR Bhatkal,IPL,IND
KAJ Roach,CPL,WI
Tejas Baroka,IPL,IND
R Sanjay Yadav,IPL,IND
A Mukund,IPL,IND
A Flintoff,T20 Blast/Hundred,ENG
T Thushara,LPL,SL
JJ van der Wath,SA20,SA
R Ninan,IPL,IND
Shoaib Akhtar,PSL,PAK
Arshad Khan (2),Overseas,OMA/IND
S Joseph,CPL,WI
PSP Handscomb,BBL,AUS
Sunny Gupta,IPL,IND
Shivam Sharma,IPL,IND
DG Nalkande,IPL,IND
AA Noffke,BBL,AUS
Kumar Kushagra,IPL,IND
PH Solanki,IPL,IND
R Goyal,IPL,IND
SS Shaikh,IPL,IND
SS Sarkar,IPL,IND
T Henderson,SA20,SA
BR Sharath,IPL,IND
F Behardien,SA20,SA
MJ Suthar,IPL,IND
AT Carey,BBL,AUS
RS Gavaskar,IPL,IND
C Madan,Overseas,ZIM
C Ganapathy,IPL,IND
P Ray Barman,IPL,IND
A Tomar,IPL,IND
S Sriram,IPL,IND
KS Sharma,IPL,IND
Tanush Kotian,IPL,IND
D du Preez,SA20,SA
R Bishnoi,IPL,IND
Jalaj S Saxena,IPL,IND
LI Meriwala,IPL,IND
RW Price,Overseas,ZIM
Mohit Rathee,IPL,IND
Himmat Singh,IPL,IND
MB Parmar,IPL,IND
GR Napier,T20 Blast/Hundred,ENG
PM Sarvesh Kumar,IPL,IND
RA Shaikh,IPL,IND
V Kaverappa,IPL,IND
AR Bawne,IPL,IND
DR Martyn,BBL,AUS
MG Neser,BBL,AUS
Monu Kumar,IPL,IND
Shivam Singh,IPL,IND
IC Porel,IPL,IND
RV Pawar,IPL,IND
T Mishra,Overseas,IND/KENYA
Gurnoor Brar,IPL,IND
KS Rathore,IPL,IND
S Midhun,IPL,IND
HJH Marshall,Overseas,NZ
CDJ Dent,T20 Blast/Hundred,ENG
K Noema-Barnett,Overseas,NZ
GH Roderick,SA20,SA
TMJ Smith,T20 Blast/Hundred,ENG
LC Norwell,T20 Blast/Hundred,ENG
MD Taylor,T20 Blast/Hundred,ENG
JG Myburgh,SA20,SA
RC Davies,T20 Blast/Hundred,ENG
TD Groenewald,Overseas,ENG/SA
MDE Holden,T20 Blast/Hundred,ENG
JA Simpson,T20 Blast/Hundred,ENG
AC Agar,BBL,AUS
TG Helm,T20 Blast/Hundred,ENG
NA Sowter,T20 Blast/Hundred,ENG
SM Davies,T20 Blast/Hundred,ENG
JC Hildreth,T20 Blast/Hundred,ENG
MTC Waller,T20 Blast/Hundred,ENG
J Clark,BBL,AUS
JL Smith,T20 Blast/Hundred,ENG
JA Leaning,T20 Blast/Hundred,ENG
G Stewart,Overseas,ITA/ENG
ME Milnes,T20 Blast/Hundred,ENG
FJ Klaassen,Overseas,ENG/NED
GG Wagg,T20 Blast/Hundred,ENG
CAJ Meschede,Overseas,GER/ENG
CB Cooke,Overseas,ENG/SA
JA Rudolph,SA20,SA
MA Wallace,T20 Blast/Hundred,ENG
BJ Wright,T20 Blast/Hundred,ENG
DL Lloyd,T20 Blast/Hundred,ENG
DA Cosker,T20 Blast/Hundred,ENG
MG Hogan,BBL,AUS
AHT Donald,T20 Blast/Hundred,ENG
GO Jones,Overseas,PNG/ENG
JMR Taylor,T20 Blast/Hundred,ENG
Miles Hammond,T20 Blast/Hundred,ENG
CN Miles,T20 Blast/Hundred,ENG
DA Payne,T20 Blast/Hundred,ENG
BA Godleman,Overseas,ENG/ALB
CS MacLeod,Overseas,SCOT
MJJ Critchley,T20 Blast/Hundred,ENG
GC Wilson,Overseas,IRE
AL Hughes,T20 Blast/Hundred,ENG
Anuj Dal,T20 Blast/Hundred,ENG
GS Ballance,Overseas,ZIM/ENG
JA Tattersall,T20 Blast/Hundred,ENG
Azeem Rafiq,T20 Blast/Hundred,ENG
SA Patterson,T20 Blast/Hundred,ENG
AG Wakely,T20 Blast/Hundred,ENG
RI Keogh,T20 Blast/Hundred,ENG
SP Crook,BBL,AUS
RK Kleinveldt,SA20,SA
GG White,T20 Blast/Hundred,ENG
Azharullah,PSL,PAK
EJH Eckersley,T20 Blast/Hundred,ENG
MJ Cosgrove,BBL,AUS
TJ Wells,T20 Blast/Hundred,ENG
BA Raine,T20 Blast/Hundred,ENG
MAG Boyce,T20 Blast/Hundred,ENG
JKH Naik,T20 Blast/Hundred,ENG
A Sheikh,T20 Blast/Hundred,ENG
NJ Selman,T20 Blast/Hundred,ENG
M Labuschagne,BBL,AUS
KS Carlson,T20 Blast/Hundred,ENG
Callum Taylor,T20 Blast/Hundred,ENG
DA Douthwaite,T20 Blast/Hundred,ENG
RAJ Smith,Overseas,SCOT/ENG
TN Cullen,T20 Blast/Hundred,ENG
T van der Gugten,Overseas,NED/AUS
P Sisodiya,T20 Blast/Hundred,ENG
JB Cracknell,T20 Blast/Hundred,ENG
LBK Hollman,T20 Blast/Hundred,ENG
BC Cullen,T20 Blast/Hundred,ENG
ER Bamber,T20 Blast/Hundred,ENG
TJ Murtagh,Overseas,IRE
HRC Came,T20 Blast/Hundred,ENG
TA Wood,T20 Blast/Hundred,ENG
FJ Hudson-Prentice,T20 Blast/Hundred,ENG
MH McKiernan,T20 Blast/Hundred,ENG
LV van Beek,Overseas,NED/NZ
C McKerr,SA20,SA
GLS Scrimshaw,T20 Blast/Hundred,ENG
EJ Pollock,T20 Blast/Hundred,ENG
AJ Hose,CPL,WI
WMH Rhodes,T20 Blast/Hundred,ENG
MJ Lamb,T20 Blast/Hundred,ENG
MGK Burgess,T20 Blast/Hundred,ENG
DR Briggs,T20 Blast/Hundred,ENG
SG Borthwick,T20 Blast/Hundred,ENG
MD Stoneman,T20 Blast/Hundred,ENG
GJ Muchall,T20 Blast/Hundred,ENG
RD Pringle,T20 Blast/Hundred,ENG
GR Breese,CPL,WI
C Rushworth,T20 Blast/Hundred,ENG
G Onions,T20 Blast/Hundred,ENG
GP Smith,T20 Blast/Hundred,ENG
CE Shreck,T20 Blast/Hundred,ENG
AL Davies,T20 Blast/Hundred,ENG
RM Yates,T20 Blast/Hundred,ENG
EG Barnard,T20 Blast/Hundred,ENG
EN Gay,Overseas,ITA/ENG
SA Zaib,T20 Blast/Hundred,ENG
LD McManus,T20 Blast/Hundred,ENG
TAI Taylor,T20 Blast/Hundred,ENG
JJG Sales,T20 Blast/Hundred,ENG
FJ Heldreich,T20 Blast/Hundred,ENG
AK Russell,T20 Blast/Hundred,ENG
WAR Fraine,T20 Blast/Hundred,ENG
ML Revis,T20 Blast/Hundred,ENG
DM Bess,T20 Blast/Hundred,ENG
DJ Leech,T20 Blast/Hundred,ENG
JW Shutt,T20 Blast/Hundred,ENG
MA Jones,Overseas,SCOT/ENG
OG Robinson,T20 Blast/Hundred,ENG
P Coughlin,T20 Blast/Hundred,ENG
L Trevaskis,T20 Blast/Hundred,ENG
JJ Bushnell,T20 Blast/Hundred,ENG
MS Pepper,T20 Blast/Hundred,ENG
DW Lawrence,T20 Blast/Hundred,ENG
T Westley,T20 Blast/Hundred,ENG
Aaron Beard,T20 Blast/Hundred,ENG
BMJ Allison,T20 Blast/Hundred,ENG
KK Jennings,T20 Blast/Hundred,ENG
SJ Croft,T20 Blast/Hundred,ENG
RP Jones,T20 Blast/Hundred,ENG
LWP Wells,T20 Blast/Hundred,ENG
DJ Lamb,T20 Blast/Hundred,ENG
TW Hartley,T20 Blast/Hundred,ENG
TE Bailey,T20 Blast/Hundred,ENG
SA Northeast,T20 Blast/Hundred,ENG
FK Cowdrey,T20 Blast/Hundred,ENG
AP Rouse,T20 Blast/Hundred,ENG
JC Tredwell,T20 Blast/Hundred,ENG
ME Claydon,Overseas,AUS/ENG
DA Griffiths,T20 Blast/Hundred,ENG
MA Leask,Overseas,SCOT
BJ Curran,Overseas,ZIM
BW Sanderson,T20 Blast/Hundred,ENG
MF Hurst,T20 Blast/Hundred,ENG
GH Dockrell,Overseas,IRE
R Vasconcelos,SA20,SA
AH Miller,T20 Blast/Hundred,ENG
CJ White,T20 Blast/Hundred,ENG
J Broad,T20 Blast/Hundred,ENG
FIN Khushi,T20 Blast/Hundred,ENG
WEL Buttleman,T20 Blast/Hundred,ENG
S Snater,Overseas,NED/ZIM
ASS Nijjar,T20 Blast/Hundred,ENG
TS Muyeye,T20 Blast/Hundred,ENG
WA Agar,BBL,AUS
JDM Evison,T20 Blast/Hundred,ENG
MA Carberry,T20 Blast/Hundred,ENG
JHK Adams,T20 Blast/Hundred,ENG
WR Smith,Overseas,ZIM
AJA Wheater,T20 Blast/Hundred,ENG
CP Wood,T20 Blast/Hundred,ENG
NLJ Browne,T20 Blast/Hundred,ENG
GM Smith,SA20,SA
KS Velani,T20 Blast/Hundred,ENG
JS Foster,T20 Blast/Hundred,ENG
CJ Taylor,T20 Blast/Hundred,ENG
Adeel Malik,PSL,PAK
DD Masters,T20 Blast/Hundred,ENG
SJ Mullaney,T20 Blast/Hundred,ENG
CMW Read,T20 Blast/Hundred,ENG
SCJ Broad,T20 Blast/Hundred,ENG
JT Ball,T20 Blast/Hundred,ENG
CG Harrison,T20 Blast/Hundred,ENG
M Carter,T20 Blast/Hundred,ENG
LJ Fletcher,T20 Blast/Hundred,ENG
D Paterson,SA20,SA
AG Salter,T20 Blast/Hundred,ENG
RI Walker,T20 Blast/Hundred,ENG
DMW Rawlins,Overseas,BER/ENG
OE Robinson,T20 Blast/Hundred,ENG
WAT Beer,T20 Blast/Hundred,ENG
EJ Byrom,Overseas,ZIM
BGF Green,T20 Blast/Hundred,ENG
JH Davey,Overseas,SCOT
JA Brooks,T20 Blast/Hundred,ENG
JH Plom,T20 Blast/Hundred,ENG
JA Porter,T20 Blast/Hundred,ENG
ZGF Foulkes,Overseas,NZ
JTA Burnham,T20 Blast/Hundred,ENG
MJ Richardson,Overseas,GER/ENG
U Arshad,T20 Blast/Hundred,ENG
GL van Buuren,Overseas,ENG/SA
PJ Grieshaber,T20 Blast/Hundred,ENG
AT Thomson,T20 Blast/Hundred,ENG
ZJ Chappell,T20 Blast/Hundred,ENG
HD Rutherford,Overseas,NZ
S Steel,T20 Blast/Hundred,ENG
AM Lilley,T20 Blast/Hundred,ENG
RK Patel,T20 Blast/Hundred,ENG
LJ Hill,T20 Blast/Hundred,ENG
BWM Mike,T20 Blast/Hundred,ENG
Rehan Ahmed,T20 Blast/Hundred,ENG
CF Parkinson,T20 Blast/Hundred,ENG
WS Davis,T20 Blast/Hundred,ENG
HJH Brookes,T20 Blast/Hundred,ENG
V Chopra,T20 Blast/Hundred,ENG
N Wagner,Overseas,NZ/SA
MR Quinn,Overseas,NZ
RF Higgins,T20 Blast/Hundred,ENG
NT Broom,Overseas,NZ
CF Hughes,Overseas,ENG/WI
SJ Thakor,T20 Blast/Hundred,ENG
T Poynton,T20 Blast/Hundred,ENG
BD Cotton,T20 Blast/Hundred,ENG
A Carter,T20 Blast/Hundred,ENG
K Carver,T20 Blast/Hundred,ENG
KJ Coetzer,Overseas,SCOT
DJG Sales,T20 Blast/Hundred,ENG
MNW Spriegel,T20 Blast/Hundred,ENG
IG Butler,Overseas,NZ
James Middlebrook,T20 Blast/Hundred,ENG
RK Oliver,T20 Blast/Hundred,ENG
DKH Mitchell,T20 Blast/Hundred,ENG
OB Cox,T20 Blast/Hundred,ENG
BL D'Oliveira,T20 Blast/Hundred,ENG
JD Shantry,T20 Blast/Hundred,ENG
CJ Russell,T20 Blast/Hundred,ENG
TP Alsop,T20 Blast/Hundred,ENG
BJ Taylor,T20 Blast/Hundred,ENG
GM Andrew,T20 Blast/Hundred,ENG
BTJ Wheal,Overseas,SCOT/SA
TL Best,CPL,WI
DJ Lincoln,T20 Blast/Hundred,ENG
NRT Gubbins,T20 Blast/Hundred,ENG
GFB Scott,T20 Blast/Hundred,ENG
TS Roland-Jones,T20 Blast/Hundred,ENG
James Bracey,T20 Blast/Hundred,ENG
AM Ali,T20 Blast/Hundred,ENG
MW Pillans,SA20,SA
GT Griffiths,T20 Blast/Hundred,ENG
AW Gale,T20 Blast/Hundred,ENG
RM Pyrah,T20 Blast/Hundred,ENG
RI Newton,T20 Blast/Hundred,ENG
ML Pettini,T20 Blast/Hundred,ENG
BT Foakes,T20 Blast/Hundred,ENG
TJ Phillips,T20 Blast/Hundred,ENG
MET Salisbury,T20 Blast/Hundred,ENG
APR Gidman,T20 Blast/Hundred,ENG
GJ McCarter,Overseas,IRE
SG Budinger,T20 Blast/Hundred,ENG
HW Podmore,T20 Blast/Hundred,ENG
HWR Cartwright,BBL,AUS
MRJ Watt,Overseas,SCOT
BW Aitchison,T20 Blast/Hundred,ENG
ZS Ansari,T20 Blast/Hundred,ENG
JE Burke,T20 Blast/Hundred,ENG
GJ Batty,T20 Blast/Hundred,ENG
MP Dunn,T20 Blast/Hundred,ENG
AAP Atkinson,T20 Blast/Hundred,ENG
TE Lawes,T20 Blast/Hundred,ENG
PJ Malan,SA20,SA
MK Andersson,T20 Blast/Hundred,ENG
N Fernandes,T20 Blast/Hundred,ENG
WTS Porterfield,Overseas,IRE
JP Webb,T20 Blast/Hundred,ENG
R Clarke,Overseas,IOM
A Javid,T20 Blast/Hundred,ENG
JS Patel,Overseas,NZ
TR Ambrose,T20 Blast/Hundred,ENG
CJC Wright,T20 Blast/Hundred,ENG
OJ Hannon-Dalby,T20 Blast/Hundred,ENG
RJ Burns,T20 Blast/Hundred,ENG
JW Dernbach,Overseas,ENG/ITA
Imran Qayyum,T20 Blast/Hundred,ENG
LP Goldsworthy,T20 Blast/Hundred,ENG
MJ Leach,T20 Blast/Hundred,ENG
WT Root,T20 Blast/Hundred,ENG
JEK Rew,T20 Blast/Hundred,ENG
SR Dickson,SA20,SA
CT Bancroft,BBL,AUS
OJ Price,T20 Blast/Hundred,ENG
BG Charlesworth,T20 Blast/Hundred,ENG
TJ Price,T20 Blast/Hundred,ENG
J Shaw,Overseas,NZ
JL Lawlor,T20 Blast/Hundred,ENG
AO Morgan,T20 Blast/Hundred,ENG
TR Bevan,T20 Blast/Hundred,ENG
JP McIlroy,T20 Blast/Hundred,ENG
OJ Carter,T20 Blast/Hundred,ENG
DP Hughes,BBL,AUS
JM Coles,T20 Blast/Hundred,ENG
N McAndrew,BBL,AUS
JJ Carson,T20 Blast/Hundred,ENG
OJ Pope,T20 Blast/Hundred,ENG
RH Patel,T20 Blast/Hundred,ENG
D Klein,Overseas,GER/SA
D Smit,BBL,AUS
TWM Latham,Overseas,NZ
WJ Weighell,T20 Blast/Hundred,ENG
SW Poynter,Overseas,IRE
LA Procter,T20 Blast/Hundred,ENG
NL Buck,T20 Blast/Hundred,ENG
LPJ Kimber,T20 Blast/Hundred,ENG
GCH Hill,T20 Blast/Hundred,ENG
MJ Waite,T20 Blast/Hundred,ENG
MD Fisher,T20 Blast/Hundred,ENG
J Leach,T20 Blast/Hundred,ENG
SH Choudhry,T20 Blast/Hundred,ENG
AJ Hodd,T20 Blast/Hundred,ENG
JWA Taylor,T20 Blast/Hundred,ENG
SKW Wood,T20 Blast/Hundred,ENG
D Moriarty,T20 Blast/Hundred,ENG
RS Patel,T20 Blast/Hundred,ENG
JJ Weatherley,T20 Blast/Hundred,ENG
CT Steel,Overseas,ENG/AUS
SC Moore,T20 Blast/Hundred,ENG
WJ Durston,T20 Blast/Hundred,ENG
MJ North,BBL,AUS
SL Elstone,T20 Blast/Hundred,ENG
GD Cross,T20 Blast/Hundred,ENG
ML Turner,T20 Blast/Hundred,ENG
TC Knight,T20 Blast/Hundred,ENG
MHA Footitt,T20 Blast/Hundred,ENG
AZ Lees,T20 Blast/Hundred,ENG
GK Berg,Overseas,ITA/SA
MW Dixon,BBL,AUS
WB Rankin,Overseas,IRE/ENG
MW Parkinson,T20 Blast/Hundred,ENG
CD Nash,T20 Blast/Hundred,ENG
TE Albert,T20 Blast/Hundred,ENG
JD Libby,T20 Blast/Hundred,ENG
DY Pennington,T20 Blast/Hundred,ENG
CAJ Morris,T20 Blast/Hundred,ENG
RO Gordon,T20 Blast/Hundred,ENG
JE Poysden,T20 Blast/Hundred,ENG
WA White,T20 Blast/Hundred,ENG
CJ Haggett,T20 Blast/Hundred,ENG
BJ McCarthy,Overseas,IRE
AN Petersen,SA20,SA
KR Brown,T20 Blast/Hundred,ENG
SD Parry,T20 Blast/Hundred,ENG
KM Jarvis,Overseas,ZIM
GA Edwards,T20 Blast/Hundred,ENG
FOE van den Bergh,T20 Blast/Hundred,ENG
AD Thomason,T20 Blast/Hundred,ENG
NJ Dexter,T20 Blast/Hundred,ENG
HE Dearden,T20 Blast/Hundred,ENG
JA Haynes,T20 Blast/Hundred,ENG
TB Sole,Overseas,SCOT
BD Glover,Overseas,NED/SA
GA Bartlett,T20 Blast/Hundred,ENG
RA Weatherall,T20 Blast/Hundred,ENG
EA Brookes,T20 Blast/Hundred,ENG
NG Smith,Overseas,NZ
HR Walsh,Overseas,WI/USA
AW Finch,T20 Blast/Hundred,ENG
Shoaib Bashir,T20 Blast/Hundred,ENG
HG Duke,T20 Blast/Hundred,ENG
IAA Thomas,T20 Blast/Hundred,ENG
RA Stevenson,T20 Blast/Hundred,ENG
GJ Harte,SA20,SA
AJ Hickey,T20 Blast/Hundred,ENG
SJ Walters,T20 Blast/Hundred,ENG
WT Owen,T20 Blast/Hundred,ENG
Tanveer Sikandar,PSL,PAK
MS Panesar,T20 Blast/Hundred,ENG
JA Chohan,T20 Blast/Hundred,ENG
IG Holland,Overseas,USA/AUS
SW Currie,Overseas,SCOT
J Hull,T20 Blast/Hundred,ENG
LW James,T20 Blast/Hundred,ENG
M Montgomery,Overseas,GER/ENG
TJ Prest,T20 Blast/Hundred,ENG
GW Thomas,T20 Blast/Hundred,ENG
AP Palladino,T20 Blast/Hundred,ENG
DJ Wainwright,T20 Blast/Hundred,ENG
M Higginbottom,T20 Blast/Hundred,ENG
AJ Ball,T20 Blast/Hundred,ENG
PM Siddle,BBL,AUS
NMJ Reifer,T20 Blast/Hundred,ENG
BJJ Wells,T20 Blast/Hundred,ENG
Zaman Akhter,T20 Blast/Hundred,ENG
JLB Davies,T20 Blast/Hundred,ENG
BJ Webster,BBL,AUS
OP Rayner,Overseas,GER/ENG
JAR Harris,T20 Blast/Hundred,ENG
HZ Finch,T20 Blast/Hundred,ENG
RJ Hamilton-Brown,T20 Blast/Hundred,ENG
MW Machan,T20 Blast/Hundred,ENG
BC Brown,T20 Blast/Hundred,ENG
SA Piolet,T20 Blast/Hundred,ENG
JE Anyon,T20 Blast/Hundred,ENG
LJ Hatchett,T20 Blast/Hundred,ENG
JC Wainman,T20 Blast/Hundred,ENG
BO Coad,T20 Blast/Hundred,ENG
HD Ward,T20 Blast/Hundred,ENG
AGH Orr,T20 Blast/Hundred,ENG
HT Crocombe,T20 Blast/Hundred,ENG
TP Lewis,T20 Blast/Hundred,ENG
AP Agathangelou,SA20,SA
OH Freckingham,T20 Blast/Hundred,ENG
RJ Sayer,T20 Blast/Hundred,ENG
HJ Swindells,T20 Blast/Hundred,ENG
BT Slater,T20 Blast/Hundred,ENG
NB Cornwell,T20 Blast/Hundred,ENG
A Shahzad,PSL,PAK
JPA Taylor,T20 Blast/Hundred,ENG
P Hatzoglou,BBL,AUS
NRD Compton,T20 Blast/Hundred,ENG
ME Trescothick,T20 Blast/Hundred,ENG
CT Tremlett,T20 Blast/Hundred,ENG
A Kapil,T20 Blast/Hundred,ENG
VS Solanki,T20 Blast/Hundred,ENG
TE Linley,T20 Blast/Hundred,ENG
RML Taylor,Overseas,SCOT/ENG
JS Sykes,T20 Blast/Hundred,ENG
S Conners,T20 Blast/Hundred,ENG
LJ Carey,T20 Blast/Hundred,ENG
CM Dickinson,T20 Blast/Hundred,ENG
RJ Sidebottom,T20 Blast/Hundred,ENG
JM Bird,BBL,AUS
CAJ Brodrick,T20 Blast/Hundred,ENG
MA Ashraf,T20 Blast/Hundred,ENG
GT Hankins,T20 Blast/Hundred,ENG
JJ Bohannon,T20 Blast/Hundred,ENG
GJ Bell,T20 Blast/Hundred,ENG
TH Aspinwall,T20 Blast/Hundred,ENG
JM Blatherwick,T20 Blast/Hundred,ENG
MT Stanley,T20 Blast/Hundred,ENG
JO Baker,T20 Blast/Hundred,ENG
JH Wharton,T20 Blast/Hundred,ENG
AEN Riley,T20 Blast/Hundred,ENG
TN Walallawita,Overseas,ENG/SL
NR Welch,Overseas,ZIM
GJ Delany,Overseas,IRE
C Kieswetter,Overseas,ENG/SA
WRS Gidman,T20 Blast/Hundred,ENG
BI Kellaway,T20 Blast/Hundred,ENG
M Kelly,BBL,AUS
DJ Redfern,T20 Blast/Hundred,ENG
AJ Ireland,Overseas,ZIM
TC Smith,T20 Blast/Hundred,ENG
PJ Horton,T20 Blast/Hundred,ENG
W Luxton,T20 Blast/Hundred,ENG
SC Meaker,T20 Blast/Hundred,ENG
CR Jones,T20 Blast/Hundred,ENG
A Hepburn,T20 Blast/Hundred,ENG
JC Tongue,T20 Blast/Hundred,ENG
Kashif Ali,PSL,PAK
MD Bates,T20 Blast/Hundred,ENG
AC Lenham,Overseas,UGA
BFW de Leede,Overseas,NED
L Doneathy,T20 Blast/Hundred,ENG
AG Prince,SA20,SA
JM De Caires,T20 Blast/Hundred,ENG
BG Whitehead,T20 Blast/Hundred,ENG
EC Joyce,Overseas,IRE/ENG
R Gibson,T20 Blast/Hundred,ENG
SJ Pearce,T20 Blast/Hundred,ENG
MK O'Riordan,T20 Blast/Hundred,ENG
WT Smale,Overseas,IRE/ENG
AW Gorvin,T20 Blast/Hundred,ENG
H Hameed,T20 Blast/Hundred,ENG
TAR Scriven,T20 Blast/Hundred,ENG
MG Finan,T20 Blast/Hundred,ENG
JL Clare,T20 Blast/Hundred,ENG
AJ Horton,T20 Blast/Hundred,ENG
TLW Cooper,Overseas,NED/AUS
TGR Clark,T20 Blast/Hundred,ENG
A Karvelas,Overseas,GRC/ENG
BJ Currie,Overseas,SCOT/ENG
AS Dale,T20 Blast/Hundred,ENG
CO Thurston,T20 Blast/Hundred,ENG
BA Hutton,T20 Blast/Hundred,ENG
LJ Hurt,T20 Blast/Hundred,ENG
SB Wood,T20 Blast/Hundred,ENG
RWT Key,T20 Blast/Hundred,ENG
BW Harmison,T20 Blast/Hundred,ENG
Craig Cachopa,Overseas,NZ
MA Thornely,T20 Blast/Hundred,ENG
ACF Wyatt,T20 Blast/Hundred,ENG
ORT Sale,T20 Blast/Hundred,ENG
KHD Barker,T20 Blast/Hundred,ENG
GH Rhodes,T20 Blast/Hundred,ENG
CD Fletcher,Overseas,NZ
BM Cliff,T20 Blast/Hundred,ENG
AJ Mellor,T20 Blast/Hundred,ENG
D Elgar,SA20,SA
LM Benkenstein,T20 Blast/Hundred,ENG
JM Mennie,BBL,AUS
TE Barber,T20 Blast/Hundred,ENG
MA Cohen,SA20,SA
DR Melton,SA20,SA
BJR Martindale,T20 Blast/Hundred,ENG
LA Patterson-White,T20 Blast/Hundred,ENG
JA Burns,Overseas,ITA/AUS
GTG Cork,T20 Blast/Hundred,ENG
AN Cook,T20 Blast/Hundred,ENG
OJ Newby,T20 Blast/Hundred,ENG
TL Greatwood,T20 Blast/Hundred,ENG
BBA Geddes,T20 Blast/Hundred,ENG
BS McKinney,T20 Blast/Hundred,ENG
BG Lister,Overseas,NZ
SD Robson,Overseas,ENG/AUS
TJ Lester,T20 Blast/Hundred,ENG
CL Herring,T20 Blast/Hundred,ENG
E Barnes,T20 Blast/Hundred,ENG
EV Jack,T20 Blast/Hundred,ENG
CWJ Allison,T20 Blast/Hundred,ENG
NN Gilchrist,T20 Blast/Hundred,ENG
L Banks,T20 Blast/Hundred,ENG
FS Middleton,T20 Blast/Hundred,ENG
MH Yardy,T20 Blast/Hundred,ENG
MB Harris,T20 Blast/Hundred,ENG
TC Fell,T20 Blast/Hundred,ENG
MW Goodwin,Overseas,ZIM
SJ Magoffin,BBL,AUS
HR Hosein,T20 Blast/Hundred,ENG
PJ McKay,T20 Blast/Hundred,ENG
AWR Barrow,T20 Blast/Hundred,ENG
VD Philander,SA20,SA
TP Milnes,T20 Blast/Hundred,ENG
MG Booth,Overseas,SA/ENG
FS Organ,T20 Blast/Hundred,ENG
CH Stobo,BBL,AUS
S Baker,Overseas,Samoa/NZ
WA Young,Overseas,NZ
RN Sidebottom,BBL,AUS
OE Westbury,T20 Blast/Hundred,ENG
HS Mustard,T20 Blast/Hundred,ENG
TD Rouse,T20 Blast/Hundred,ENG
JEG Logan,T20 Blast/Hundred,ENG
CB Sole,Overseas,SCOT
GID Lavelle,T20 Blast/Hundred,ENG
TJ Haines,T20 Blast/Hundred,ENG
MD Hunn,T20 Blast/Hundred,ENG
JM Anderson,T20 Blast/Hundred,ENG
FW McCann,T20 Blast/Hundred,ENG
SIM King,T20 Blast/Hundred,ENG
LS Robinson,T20 Blast/Hundred,ENG
J Harrison,T20 Blast/Hundred,ENG
AM Hardie,BBL,AUS
MA Chambers,T20 Blast/Hundred,ENG
BD Birkhead,T20 Blast/Hundred,ENG
SA Wisniewski,T20 Blast/Hundred,ENG
GA Garrett,T20 Blast/Hundred,ENG
BM Tickner,Overseas,NZ
HRD Adair,T20 Blast/Hundred,ENG
DM Housego,T20 Blast/Hundred,ENG
J Blake,T20 Blast/Hundred,ENG
IJL Trott,Overseas,ENG/SA
Zain-ul-Hassan,T20 Blast/Hundred,ENG
JS Rymell,T20 Blast/Hundred,ENG
J Banton,T20 Blast/Hundred,ENG
RG White,T20 Blast/Hundred,ENG
GS Drissell,T20 Blast/Hundred,ENG
Kasey Aldridge,T20 Blast/Hundred,ENG
HC Darley,T20 Blast/Hundred,ENG
PA Jaques,BBL,AUS
G Wade,T20 Blast/Hundred,ENG
JS Gatting,T20 Blast/Hundred,ENG
MD Wagstaff,T20 Blast/Hundred,ENG
MR Adair,Overseas,IRE
TC Moore,T20 Blast/Hundred,ENG
HM Crawshaw,T20 Blast/Hundred,ENG
SM Sharif,Overseas,SCOT
EO Hooper,T20 Blast/Hundred,ENG
SP Terry,Overseas,IRE/ENG
J Goodwin,T20 Blast/Hundred,ENG
GP Balderson,T20 Blast/Hundred,ENG
V Kelley,T20 Blast/Hundred,ENG
RA Jones,T20 Blast/Hundred,ENG
HM Nicholls,Overseas,NZ
JOI Campbell,T20 Blast/Hundred,ENG
RJ Montgomery,T20 Blast/Hundred,ENG
D Ibrahim,Overseas,AFG
OFM Sykes,T20 Blast/Hundred,ENG
WD Bragg,T20 Blast/Hundred,ENG
PM Best,T20 Blast/Hundred,ENG
JM Cooke,T20 Blast/Hundred,ENG
MJ Prior,T20 Blast/Hundred,ENG
J Lewis,T20 Blast/Hundred,ENG
ME Hobden,T20 Blast/Hundred,ENG
FRJ Coleman,Overseas,SCOT
HJ Cullen,T20 Blast/Hundred,ENG
JE Home,T20 Blast/Hundred,ENG
ND Pinner,T20 Blast/Hundred,ENG
Hamidullah Qadri,T20 Blast/Hundred,ENG
JPH Hayes,SA20,SA
JP Morley,T20 Blast/Hundred,ENG
HJ Hunt,BBL,AUS
T Kelly,BBL,AUS
L Scott,BBL,AUS
HJ Nielsen,BBL,AUS
HTRY Thornton,BBL,AUS
HNA Conway,BBL,AUS
NA McSweeney,BBL,AUS
LD Pfeffer,BBL,AUS
SD Heazlett,BBL,AUS
JS Lehmann,BBL,AUS
W Prestwidge,BBL,AUS
MP Kuhnemann,BBL,AUS
L Guthrie,BBL,AUS
MS Harris,BBL,AUS
SB Harper,BBL,AUS
MW Harvey,BBL,AUS
CJ Boyce,BBL,AUS
CP Tremain,BBL,AUS
SE Gotch,BBL,AUS
S Milenko,BBL,AUS
CA Rose,BBL,AUS
SM Whiteman,BBL,AUS
JS Paris,BBL,AUS
KR Patterson,BBL,AUS
RJ Gibson,BBL,AUS
AJ Nair,BBL,AUS
AJ Doolan,BBL,AUS
M Wright,Overseas,SCOT
JS Lenton,BBL,AUS
JD Cook,BBL,AUS
L Bowe,BBL,AUS
EJM Cowan,BBL,AUS
JC Silk,BBL,AUS
RGL Carters,BBL,AUS
SNJ O'Keefe,BBL,AUS
NM Lyon,BBL,AUS
NM Hauritz,BBL,AUS
AR Beadle,BBL,AUS
JR Doran,BBL,AUS
JM Muirhead,BBL,AUS
CP Jewell,BBL,AUS
Nikhil Chaudhary,Overseas,AUS/IND
PG Dooley,BBL,AUS
C Connolly,BBL,AUS
LR Morris,BBL,AUS
MT Renshaw,BBL,AUS
NP Winter,BBL,AUS
TIF Triffitt,BBL,AUS
MA Beer,BBL,AUS
O Davies,BBL,AUS
LC Hatcher,BBL,AUS
T Sangha,BBL,AUS
MW Hill,BBL,AUS
PM Nevill,BBL,AUS
AW O'Brien,BBL,AUS
MG Gale,BBL,AUS
DLR Smith,BBL,AUS
WD Sheridan,BBL,AUS
DJ Pattinson,T20 Blast/Hundred,ENG
LN O'Connor,Overseas,KENYA
NCR Larkin,Overseas,AUS/IRE
BAD Manenti,Overseas,ITA/AUS
J Edwards,CPL,WI
J Avendano,BBL,AUS
NL Bertus,BBL,AUS
AR Keath,BBL,AUS
JJ Peirson,BBL,AUS
CJ Gannon,Overseas,USA/AUS
B Doggett,BBL,AUS
MJ Swepson,BBL,AUS
MT Steketee,BBL,AUS
M Gilkes,BBL,AUS
C Valente,BBL,AUS
A Ayre,BBL,AUS
TM Beaton,BBL,AUS
CAH Stevenson,Overseas,USA/AUS
XJ Doherty,BBL,AUS
EP Gulbis,BBL,AUS
NR Hobson,BBL,AUS
CD Hinchliffe,BBL,AUS
BL Couch,BBL,AUS
TP Ludeman,BBL,AUS
NJ Reardon,BBL,AUS
MJ Johnston,BBL,AUS
BE Young,BBL,AUS
JR Dean,BBL,AUS
TD Andrews,BBL,AUS
W Sutherland,BBL,AUS
F O'Neill,BBL,AUS
J Seymour,BBL,AUS
J Merlo,BBL,AUS
DR Drew,BBL,AUS
S Konstas,BBL,AUS
L Shaw,BBL,AUS
JA Davies,T20 Blast/Hundred,ENG
T Murphy,BBL,AUS
TF Rogers,BBL,AUS
C Kellaway,BBL,AUS
CD Hartley,BBL,AUS
JK Lalor,BBL,AUS
JM Holland,BBL,AUS
GA West,BBL,AUS
CJ Rocchiccioli,BBL,AUS
B Nikitaras,BBL,AUS
JR Coleman,BBL,AUS
D Fallins,BBL,AUS
WER Somerville,Overseas,NZ
DJM Moody,BBL,AUS
JJ Bazley,BBL,AUS
JK Reed,BBL,AUS
CJ Simmons,BBL,AUS
JJS Sangha,BBL,AUS
SL Rainbird,BBL,AUS
AC McDermott,BBL,AUS
TL Lawford,BBL,AUS
BJ Holt,BBL,AUS
HJ Manenti,Overseas,ITA
JS Buckingham,BBL,AUS
L Pope,BBL,AUS
PJ Forrest,BBL,AUS
L Haskett,BBL,AUS
JP Wood,BBL,AUS
RJG Lockyear,BBL,AUS
JJ Krejza,BBL,AUS
JS Floros,BBL,AUS
TD Cruickshank,BBL,AUS
SJ Coyte,BBL,AUS
LR Butterworth,BBL,AUS
LA Doran,BBL,AUS
JA Prestwidge,BBL,AUS
H McKenzie,BBL,AUS
GA Manou,BBL,AUS
LW Feldman,BBL,AUS
CJL Rogers,BBL,AUS
SJC Keen,BBL,AUS
S Fanning,BBL,AUS
M Spoors,Overseas,CAN
HT Dixon,BBL,AUS
C Stow,BBL,AUS
CA Wakim,BBL,AUS
Z Evans,BBL,AUS
PJ Hughes,BBL,AUS
RP Kellepotha,LPL,SL
RM Duffield,BBL,AUS
DP Michael,Overseas,Samoa/NED
HP Kingston,BBL,AUS
TJ Dean,BBL,AUS
T Whitney,BBL,AUS
AL Fekete,BBL,AUS
MW Edwards,Overseas,AUS/ENG
CS Sandri,BBL,AUS
CJM Sabburg,BBL,AUS
BJ Stepien,BBL,AUS
JM Herrick,Overseas,AUS/NZ
P Rowe,BBL,AUS
HD Weibgen,BBL,AUS
M Perry,BBL,AUS
TP Doropoulos,BBL,AUS
GD Putland,BBL,AUS
AK Heal,BBL,AUS
AJ Crosthwaite,BBL,AUS
MJ Buchanan,BBL,AUS
SM Elliott,BBL,AUS
W Sanders,BBL,AUS
J Kann,SA20,SA
W Parker,BBL,AUS
BG McDonald,BBL,AUS
D Warren,BBL,AUS
JA Freeman,BBL,AUS
CA Philipson,BBL,AUS
SCG MacGill,BBL,AUS
XA Crone,BBL,AUS
M Bean,BBL,AUS
BG Drew,BBL,AUS
DR Salpietro,BBL,AUS
CP Simpson,BBL,AUS
M Beardman,BBL,AUS
J Morgan,BBL,AUS
BS Dean,BBL,AUS
ND Buchanan,BBL,AUS
AW Robinson,BBL,AUS
KR Smith,BBL,AUS
CR Swan,BBL,AUS
TJ Armstrong,BBL,AUS
MR Day,BBL,AUS
ND Bills,BBL,AUS
BE McGain,BBL,AUS
JD Smith,BBL,AUS
GL Walker,BBL,AUS
RR Pawson,BBL,AUS
Josh Brown,BBL,AUS
OJ Peake,BBL,AUS
IA Moran,BBL,AUS
TW Gray,BBL,AUS
J Clayton,BBL,AUS
S McGiffin,BBL,AUS
DMK Grant,BBL,AUS
JM Carder,BBL,AUS
TA Copeland,BBL,AUS
AG Harriott,BBL,AUS
RH McDonald,BBL,AUS
BS Oakley,BBL,AUS
Syed Faridoun,PSL,PAK
J Da Silva,CPL,WI
JL Carter,CPL,WI
JN Hamilton,CPL,WI
CD Barnwell,CPL,WI
J Royal,CPL,WI
C Hemraj,CPL,WI
T Webster,CPL,WI
SK Springer,CPL,WI
RA Wiggins,CPL,WI
DK Jacobs,CPL,WI
TJ Bishop,CPL,WI
KHM James,CPL,WI
J Andrew,CPL,WI
RS Primus,CPL,WI
RD John,Overseas,GUE
AR Nedd,CPL,WI
SD Parris,CPL,WI
KU Carty,CPL,WI
JP Greaves,CPL,WI
JM James,CPL,WI
J Blackwood,CPL,WI
NE Bonner,CPL,WI
PAS McSween,CPL,WI
SSJ Brooks,CPL,WI
Shayan Jahangir,Overseas,USA
AR Nurse,CPL,WI
J Bishop,CPL,WI
KJ Harding,CPL,WI
S Descarte,CPL,WI
K Pierre,CPL,WI
KO Wickham,CPL,WI
NA Gordon,CPL,WI
G Motie,CPL,WI
JA Sinclair,CPL,WI
KOA Powell,CPL,WI
I Khan,PSL,PAK
K Sinclair,CPL,WI
A Athanaze,CPL,WI
NRJ Young,CPL,WI
NR Kumar,Overseas,USA/CAN
DYA Davis,Overseas,USA/WI
K Ramsaran,CPL,WI
AA Jangoo,CPL,WI
JC Carmichael,CPL,WI
JN Mohammed,CPL,WI
A Bramble,CPL,WI
SA Jacobs,CPL,WI
V Permaul,CPL,WI
TP Allen,Overseas,USA
GE Mathurin,CPL,WI
WKD Perkins,CPL,WI
DE Bernard,CPL,WI
NO Miller,CPL,WI
C Lamont,CPL,WI
TA Willett,CPL,WI
SO Dowrich,CPL,WI
H Miller,T20 Blast/Hundred,ENG
SK Patel,Overseas,USA/IND
TA Griffith,CPL,WI
JA Foo,CPL,WI
ND Stewart,CPL,WI
JU Goolie,CPL,WI
J Layne,CPL,WI
RA Clarke,CPL,WI
CK Holder,CPL,WI
JD Campbell,CPL,WI
A Phillip,CPL,WI
KSA McKenzie,CPL,WI
D Bishoo,CPL,WI
Saad Bin Zafar,Overseas,CAN
KAR Hodge,CPL,WI
NR Kirton,Overseas,CAN/WI
LS Boucher,CPL,WI
J Glen,CPL,WI
ST Gabriel,CPL,WI
O Peters,SA20,SA
JJ Athanaze,CPL,WI
DS Smith,CPL,WI
LAS Sebastien,CPL,WI
S Shillingford,CPL,WI
NT Pascal,CPL,WI
CS Baugh,CPL,WI
GH Worker,Overseas,NZ
K Pitman,CPL,WI
SE Thomas,CPL,WI
ND McKenzie,SA20,SA
KA Edwards,CPL,WI
C Archibald,CPL,WI
JS Louis,CPL,WI
H Davids,SA20,SA
KJ Cottoy,CPL,WI
DE Johnson,CPL,WI
RA Lewis,CPL,WI
GD Pope,CPL,WI
KAM Corbin,CPL,WI
G Singh,Overseas,USA/WI
K Lesporis,CPL,WI
N Smith,BBL,AUS
AB Fudadin,CPL,WI
N Edward,Overseas,GUE
T Hinds,CPL,WI
M Louis,CPL,WI
TB Robinson,Overseas,NZ
KS Melius,CPL,WI
LR Johnson,CPL,WI
SW Ambris,CPL,WI
M Matthew,CPL,WI
D Mohammed,IPL,IND
A Martin,CPL,WI
LJA Julien,CPL,WI
M Clarke,CPL,WI
KA Hope,CPL,WI
KA Anderson,CPL,WI
JA Clarkson,Overseas,NZ
AWJ Auguste,CPL,WI
N Deonarine,CPL,WI
JC Guillen,CPL,WI
NF Kelly,Overseas,NZ
LM Edward,CPL,WI
DC Green,CPL,WI
M Govia,CPL,WI
RO Cato,CPL,WI
KY Ottley,CPL,WI
Akeem Jordan,CPL,WI
SA Lewis,CPL,WI
GC Tonge,CPL,WI
ROO Jordan,CPL,WI
JA Warrican,CPL,WI
K Campbell,T20 Blast/Hundred,ENG
Hamza Tariq,Overseas,CAN
LS Lugg,CPL,WI
E Leie,SA20,SA
AMA Dewar,CPL,WI
AP Richardson,CPL,WI
TK Patel,Overseas,USA/IND
I Khaleel,Overseas,USA/IND
J McAllister,CPL,WI
K Magram,CPL,WI
M Nandu,CPL,WI
Younis Khan,PSL,PAK
PG Wintz,CPL,WI
